{
  "audio_timestamp": [
    746.6333333333333,
    772.4333333333333
  ],
  "data": {
    "block_num": [
      0,
      1,
      1,
      1,
      1,
      1,
      1,
      1,
      1,
      1,
      1,
      2,
      2,
      2,
      2,
      2,
      2,
      2,
      2,
      2,
      2,
      2,
      2,
      2,
      2,
      3,
      3,
      3,
      3,
      3,
      3,
      3,
      3,
      3,
      3,
      3,
      3,
      3,
      3,
      3,
      4,
      4,
      4,
      4,
      4,
      4,
      4,
      4,
      4,
      5,
      5,
      5,
      5,
      6,
      6,
      6,
      6,
      7,
      7,
      7,
      7,
      7,
      7,
      7,
      7,
      7,
      7,
      8,
      8,
      8,
      8,
      9,
      9,
      9,
      9,
      9,
      9,
      9,
      9,
      9,
      9,
      9,
      9,
      9,
      9,
      9,
      9,
      9,
      9,
      9,
      9,
      9,
      9,
      9
    ],
    "conf": [
      "-1",
      "-1",
      "-1",
      "-1",
      93,
      92,
      92,
      90,
      90,
      91,
      91,
      "-1",
      "-1",
      "-1",
      44,
      89,
      70,
      70,
      53,
      41,
      13,
      92,
      90,
      90,
      83,
      "-1",
      "-1",
      "-1",
      89,
      91,
      "-1",
      21,
      40,
      9,
      14,
      "-1",
      0,
      50,
      0,
      89,
      "-1",
      "-1",
      "-1",
      95,
      "-1",
      95,
      "-1",
      95,
      95,
      "-1",
      "-1",
      "-1",
      92,
      "-1",
      "-1",
      "-1",
      92,
      "-1",
      "-1",
      "-1",
      67,
      70,
      70,
      42,
      91,
      73,
      41,
      "-1",
      "-1",
      "-1",
      95,
      "-1",
      "-1",
      "-1",
      9,
      90,
      90,
      43,
      78,
      78,
      92,
      66,
      36,
      80,
      76,
      72,
      72,
      77,
      82,
      90,
      89,
      82,
      90,
      58
    ],
    "height": [
      720,
      31,
      31,
      31,
      31,
      24,
      24,
      31,
      24,
      25,
      31,
      10,
      10,
      10,
      28,
      8,
      28,
      8,
      8,
      8,
      10,
      28,
      10,
      28,
      10,
      51,
      51,
      10,
      10,
      10,
      24,
      10,
      15,
      32,
      22,
      23,
      22,
      7,
      10,
      13,
      192,
      192,
      14,
      14,
      35,
      35,
      143,
      143,
      25,
      13,
      13,
      13,
      13,
      13,
      13,
      13,
      13,
      11,
      11,
      11,
      8,
      8,
      8,
      8,
      8,
      8,
      9,
      10,
      10,
      10,
      10,
      10,
      10,
      10,
      8,
      8,
      8,
      7,
      10,
      8,
      8,
      10,
      6,
      8,
      8,
      8,
      7,
      7,
      8,
      8,
      8,
      8,
      8,
      8
    ],
    "left": [
      0,
      48,
      48,
      48,
      48,
      152,
      231,
      302,
      463,
      499,
      653,
      268,
      268,
      268,
      261,
      320,
      348,
      363,
      408,
      452,
      511,
      551,
      567,
      641,
      648,
      109,
      109,
      520,
      520,
      545,
      303,
      303,
      352,
      507,
      768,
      109,
      109,
      163,
      175,
      488,
      176,
      176,
      237,
      237,
      237,
      237,
      176,
      176,
      625,
      533,
      533,
      533,
      533,
      581,
      581,
      581,
      581,
      365,
      365,
      365,
      365,
      407,
      427,
      450,
      508,
      526,
      554,
      150,
      150,
      150,
      150,
      242,
      242,
      242,
      242,
      280,
      297,
      323,
      338,
      367,
      415,
      431,
      494,
      506,
      561,
      598,
      616,
      640,
      675,
      716,
      728,
      771,
      788,
      930
    ],
    "level": [
      1,
      2,
      3,
      4,
      5,
      5,
      5,
      5,
      5,
      5,
      5,
      2,
      3,
      4,
      5,
      5,
      5,
      5,
      5,
      5,
      5,
      5,
      5,
      5,
      5,
      2,
      3,
      4,
      5,
      5,
      4,
      5,
      5,
      5,
      5,
      4,
      5,
      5,
      5,
      5,
      2,
      3,
      4,
      5,
      4,
      5,
      4,
      5,
      5,
      2,
      3,
      4,
      5,
      2,
      3,
      4,
      5,
      2,
      3,
      4,
      5,
      5,
      5,
      5,
      5,
      5,
      5,
      2,
      3,
      4,
      5,
      2,
      3,
      4,
      5,
      5,
      5,
      5,
      5,
      5,
      5,
      5,
      5,
      5,
      5,
      5,
      5,
      5,
      5,
      5,
      5,
      5,
      5,
      5
    ],
    "line_num": [
      0,
      0,
      0,
      1,
      1,
      1,
      1,
      1,
      1,
      1,
      1,
      0,
      0,
      1,
      1,
      1,
      1,
      1,
      1,
      1,
      1,
      1,
      1,
      1,
      1,
      0,
      0,
      1,
      1,
      1,
      2,
      2,
      2,
      2,
      2,
      3,
      3,
      3,
      3,
      3,
      0,
      0,
      1,
      1,
      2,
      2,
      3,
      3,
      3,
      0,
      0,
      1,
      1,
      0,
      0,
      1,
      1,
      0,
      0,
      1,
      1,
      1,
      1,
      1,
      1,
      1,
      1,
      0,
      0,
      1,
      1,
      0,
      0,
      1,
      1,
      1,
      1,
      1,
      1,
      1,
      1,
      1,
      1,
      1,
      1,
      1,
      1,
      1,
      1,
      1,
      1,
      1,
      1,
      1
    ],
    "page_num": [
      1,
      1,
      1,
      1,
      1,
      1,
      1,
      1,
      1,
      1,
      1,
      1,
      1,
      1,
      1,
      1,
      1,
      1,
      1,
      1,
      1,
      1,
      1,
      1,
      1,
      1,
      1,
      1,
      1,
      1,
      1,
      1,
      1,
      1,
      1,
      1,
      1,
      1,
      1,
      1,
      1,
      1,
      1,
      1,
      1,
      1,
      1,
      1,
      1,
      1,
      1,
      1,
      1,
      1,
      1,
      1,
      1,
      1,
      1,
      1,
      1,
      1,
      1,
      1,
      1,
      1,
      1,
      1,
      1,
      1,
      1,
      1,
      1,
      1,
      1,
      1,
      1,
      1,
      1,
      1,
      1,
      1,
      1,
      1,
      1,
      1,
      1,
      1,
      1,
      1,
      1,
      1,
      1,
      1
    ],
    "par_num": [
      0,
      0,
      1,
      1,
      1,
      1,
      1,
      1,
      1,
      1,
      1,
      0,
      1,
      1,
      1,
      1,
      1,
      1,
      1,
      1,
      1,
      1,
      1,
      1,
      1,
      0,
      1,
      1,
      1,
      1,
      1,
      1,
      1,
      1,
      1,
      1,
      1,
      1,
      1,
      1,
      0,
      1,
      1,
      1,
      1,
      1,
      1,
      1,
      1,
      0,
      1,
      1,
      1,
      0,
      1,
      1,
      1,
      0,
      1,
      1,
      1,
      1,
      1,
      1,
      1,
      1,
      1,
      0,
      1,
      1,
      1,
      0,
      1,
      1,
      1,
      1,
      1,
      1,
      1,
      1,
      1,
      1,
      1,
      1,
      1,
      1,
      1,
      1,
      1,
      1,
      1,
      1,
      1,
      1
    ],