{
  "audio_timestamp": [
    599.6666666666666,
    642.4666666666667
  ],
  "data": {
    "block_num": [
      0,
      1,
      1,
      1,
      1,
      1,
      1,
      1,
      1,
      2,
      2,
      2,
      2,
      3,
      3,
      3,
      3,
      4,
      4,
      4,
      4,
      4,
      4,
      4,
      4,
      4,
      4,
      4,
      4,
      4,
      4,
      4,
      4,
      4,
      4,
      4,
      4,
      4,
      4,
      4,
      4,
      4
    ],
    "conf": [
      "-1",
      "-1",
      "-1",
      "-1",
      92,
      91,
      92,
      92,
      92,
      "-1",
      "-1",
      "-1",
      95,
      "-1",
      "-1",
      "-1",
      95,
      "-1",
      "-1",
      "-1",
      18,
      91,
      89,
      84,
      84,
      89,
      72,
      87,
      79,
      93,
      67,
      84,
      90,
      83,
      91,
      83,
      83,
      91,
      92,
      92,
      92,
      71
    ],
    "height": [
      720,
      31,
      31,
      31,
      31,
      24,
      24,
      24,
      31,
      44,
      44,
      44,
      44,
      578,
      578,
      578,
      578,
      11,
      11,
      11,
      11,
      9,
      23,
      9,
      8,
      9,
      8,
      10,
      8,
      9,
      11,
      7,
      8,
      8,
      8,
      9,
      8,
      8,
      9,
      9,
      8,
      9
    ],
    "left": [
      0,
      48,
      48,
      48,
      48,
      152,
      233,
      321,
      401,
      666,
      666,
      666,
      666,
      278,
      278,
      278,
      278,
      150,
      150,
      150,
      150,
      199,
      222,
      234,
      280,
      297,
      322,
      338,
      367,
      415,
      431,
      493,
      506,
      561,
      598,
      616,
      640,
      675,
      715,
      728,
      770,
      788
    ],
    "level": [
      1,
      2,
      3,
      4,
      5,
      5,
      5,
      5,
      5,
      2,
      3,
      4,
      5,
      2,
      3,
      4,
      5,
      2,
      3,
      4,
      5,
      5,
      5,
      5,
      5,
      5,
      5,
      5,
      5,
      5,
      5,
      5,
      5,
      5,
      5,
      5,
      5,
      5,
      5,
      5,
      5,
      5
    ],
    "line_num": [
      0,
      0,
      0,
      1,
      1,
      1,
      1,
      1,
      1,
      0,
      0,
      1,
      1,
      0,
      0,
      1,
      1,
      0,
      0,
      1,
      1,
      1,
      1,
      1,
      1,
      1,
      1,
      1,
      1,
      1,
      1,
      1,
      1,
      1,
      1,
      1,
      1,
      1,
      1,
      1,
      1,
      1
    ],
    "page_num": [
      1,
      1,
      1,
      1,
      1,
      1,
      1,
      1,
      1,
      1,
      1,
      1,
      1,
      1,
      1,
      1,
      1,
      1,
      1,
      1,
      1,
      1,
      1,
      1,
      1,
      1,
      1,
      1,
      1,
      1,
      1,
      1,
      1,
      1,
      1,
      1,
      1,
      1,
      1,
      1,
      1,
      1
    ],
    "par_num": [
      0,
      0,
      1,
      1,
      1,
      1,
      1,
      1,
      1,
      0,
      1,
      1,
      1,
      0,
      1,
      1,
      1,
      0,
      1,
      1,
      1,
      1,
      1,
      1,
      1,
      1,
      1,
      1,
      1,
      1,
      1,
      1,
      1,
      1,
      1,
      1,
      1,
      1,
      1,
      1,
      1,
      1
    ],
    "text": [
      "",
      "",
      "",
      "",
      "Figure",
      "4.13",
      "Citric",
      "Acid",
      "Cycle",
      "",
      "",
      "",
      " ",
      "",
      "",
      "",
      " ",
      "",
      "",
      "",
      "\u2018Copyright",
      "2022",
      "\u00a9",
      "McGraw",
      "Hill",
      "LLC.",
      "Al",
      "ights",
      "reserved.",
      "No",
      "reproduction",
      "or",
      "distribution",
      "without",
      "the",
      "prior",
      "written",
      "consent",
      "of",
      "McGraw",
      "Hill",
      "LLC."
    ],
    "top": [
      0,
      56,
      56,
      56,
      56,
      56,
      56,
      56,
      56,
      186,
      186,
      186,
      186,
      110,
      110,
      110,
      110,
      706,
      706,
      706,
      706,
      706,
      697,
      706,
      707,
      706,
      707,
      707,
      707,
      706,
      706,
      708,
      707,
      707,
      707,
      708,
      707,
      707,
      706,
      706,
      707,
      706
    ],
    "width": [
      960,
      436,
      436,
      436,
      94,
      61,
      80,
      68,
      83,
      1,
      1,
      1,
      1,
      404,
      404,
      404,
      404,
      657,
      657,
      657,
      45,
      77,
      13,
      41,
      14,
      19,
      12,
      25,
      41,
      13,
      59,
      10,
      51,
      34,
      15,
      21,
      31,
      37,
      9,
      39,
      14,
      19
    ],
    "word_num": [
      0,
      0,
      0,
      0,
      1,
      2,
      3,
      4,
      5,
      0,
      0,
      0,
      1,
      0,
      0,
      0,
      1,
      0,
      0,
      0,
      1,
      2,
      3,
      4,
      5,
      6,
      7,
      8,
      9,
      10,
      11,
      12,
      13,
      14,
      15,
      16,
      17,
      18,
      19,
      20,
      21,
      22
    ]
  },
  "index": 11
}