{
  "audio_timestamp": [
    149.63333333333333,
    275.56666666666666
  ],
  "data": {
    "block_num": [
      0,
      1,
      1,
      1,
      1,
      1,
      1,
      1,
      2,
      2,
      2,
      2,
      2,
      2,
      2,
      2,
      2,
      2,
      2,
      2,
      2,
      2,
      2,
      2,
      2,
      2,
      2,
      2,
      3,
      3,
      3,
      3,
      3,
      3,
      3,
      3,
      3,
      3,
      3,
      3,
      3,
      3,
      3,
      3,
      3,
      3,
      3,
      3,
      3,
      3,
      3,
      3,
      3,
      3,
      3,
      3,
      4,
      4,
      4,
      4,
      4,
      4,
      4,
      4,
      4,
      4,
      4,
      4,
      4,
      4,
      4,
      5,
      5,
      5,
      5,
      5,
      5,
      5,
      5,
      5,
      5,
      5,
      5,
      5,
      6,
      6,
      6,
      6
    ],
    "conf": [
      "-1",
      "-1",
      "-1",
      "-1",
      92,
      91,
      92,
      92,
      "-1",
      "-1",
      "-1",
      92,
      91,
      91,
      92,
      91,
      92,
      92,
      93,
      91,
      "-1",
      89,
      89,
      92,
      91,
      92,
      92,
      92,
      "-1",
      "-1",
      "-1",
      4,
      73,
      91,
      "-1",
      "-1",
      0,
      62,
      "-1",
      "-1",
      23,
      67,
      91,
      92,
      90,
      "-1",
      16,
      87,
      86,
      "-1",
      "-1",
      93,
      92,
      92,
      92,
      92,
      "-1",
      "-1",
      "-1",
      0,
      58,
      92,
      90,
      92,
      92,
      90,
      92,
      92,
      75,
      "-1",
      87,
      "-1",
      "-1",
      "-1",
      8,
      65,
      90,
      91,
      91,
      91,
      91,
      92,
      92,
      92,
      "-1",
      "-1",
      "-1",
      95
    ],
    "height": [
      720,
      31,
      31,
      31,
      23,
      23,
      24,
      30,
      69,
      69,
      31,
      24,
      30,
      23,
      30,
      30,
      17,
      30,
      23,
      30,
      30,
      23,
      30,
      23,
      30,
      23,
      23,
      30,
      248,
      24,
      24,
      8,
      24,
      24,
      24,
      24,
      8,
      24,
      85,
      30,
      8,
      24,
      30,
      24,
      30,
      30,
      8,
      23,
      30,
      30,
      30,
      23,
      23,
      29,
      23,
      23,
      62,
      62,
      31,
      8,
      24,
      24,
      24,
      23,
      30,
      31,
      24,
      24,
      24,
      24,
      24,
      31,
      31,
      31,
      8,
      24,
      24,
      30,
      31,
      24,
      24,
      23,
      24,
      24,
      29,
      29,
      29,
      29
    ],
    "left": [
      0,
      48,
      48,
      48,
      48,
      180,
      220,
      347,
      47,
      47,
      47,
      47,
      174,
      347,
      382,
      503,
      627,
      653,
      755,
      790,
      47,
      47,
      109,
      165,
      243,
      373,
      409,
      520,
      47,
      47,
      47,
      47,
      84,
      197,
      47,
      47,
      47,
      83,
      47,
      47,
      47,
      82,
      156,
      301,
      413,
      47,
      47,
      84,
      160,
      49,
      49,
      49,
      175,
      201,
      287,
      323,
      47,
      47,
      47,
      47,
      82,
      249,
      410,
      456,
      509,
      617,
      671,
      734,
      821,
      82,
      82,
      47,
      47,
      47,
      47,
      82,
      212,
      374,
      482,
      533,
      596,
      684,
      761,
      794,
      0,
      0,
      0,
      0
    ],
    "level": [
      1,
      2,
      3,
      4,
      5,
      5,
      5,
      5,
      2,
      3,
      4,
      5,
      5,
      5,
      5,
      5,
      5,
      5,
      5,
      5,
      4,
      5,
      5,
      5,
      5,
      5,
      5,
      5,
      2,
      3,
      4,
      5,
      5,
      5,
      3,
      4,
      5,
      5,
      3,
      4,
      5,
      5,
      5,
      5,
      5,
      4,
      5,
      5,
      5,
      3,
      4,
      5,
      5,
      5,
      5,
      5,
      2,
      3,
      4,
      5,
      5,
      5,
      5,
      5,
      5,
      5,
      5,
      5,
      5,
      4,
      5,
      2,
      3,
      4,
      5,
      5,
      5,
      5,
      5,
      5,
      5,
      5,
      5,
      5,
      2,
      3,
      4,
      5
    ],
    "line_num": [
      0,
      0,
      0,
      1,
      1,
      1,
      1,
      1,
      0,
      0,
      1,
      1,
      1,
      1,
      1,
      1,
      1,
      1,
      1,
      1,
      2,
      2,
      2,
      2,
      2,
      2,
      2,
      2,
      0,
      0,
      1,
      1,
      1,
      1,
      0,
      1,
      1,
      1,
      0,
      1,
      1,
      1,
      1,
      1,
      1,
      2,
      2,
      2,
      2,
      0,
      1,
      1,
      1,
      1,
      1,
      1,
      0,
      0,
      1,
      1,
      1,
      1,
      1,
      1,
      1,
      1,
      1,
      1,
      1,
      2,
      2,
      0,
      0,
      1,
      1,
      1,
      1,
      1,
      1,
      1,
      1,
      1,
      1,
      1,
      0,
      0,
      1,
      1
    ],
    "page_num": [
      1,
      1,
      1,
      1,
      1,
      1,
      1,
      1,
      1,
      1,
      1,
      1,
      1,
      1,
      1,
      1,
      1,
      1,
      1,
      1,
      1,
      1,
      1,
      1,
      1,
      1,
      1,
      1,
      1,
      1,
      1,
      1,
      1,
      1,
      1,
      1,
      1,
      1,
      1,
      1,
      1,
      1,
      1,
      1,
      1,
      1,
      1,
      1,
      1,
      1,
      1,
      1,
      1,
      1,
      1,
      1,
      1,
      1,
      1,
      1,
      1,
      1,
      1,
      1,
      1,
      1,
      1,
      1,
      1,
      1,
      1,
      1,
      1,
      1,
      1,
      1,
      1,
      1,
      1,
      1,
      1,
      1,
      1,
      1,
      1,
      1,
      1,
      1
    ],
    "par_num": [
      0,
      0,
      1,
      1,
      1,
      1,
      1,
      1,
      0,
      1,
      1,
      1,
      1,
      1,
      1,
      1,
      1,
      1,
      1,
      1,
      1,
      1,
      1,
      1,
      1,
      1,
      1,
      1,
      0,
      1,
      1,
      1,
      1,
      1,
      2,
      2,
      2,
      2,
      3,
      3,
      3,
      3,
      3,
      3,
      3,
      3,
      3,
      3,
      3,
      4,
      4,
      4,
      4,
      4,
      4,
      4,
      0,
      1,
      1,
      1,
      1,
      1,
      1,
      1,
      1,
      1,
      1,
      1,
      1,
      1,
      1,
      0,
      1,
      1,
      1,
      1,
      1,
      1,
      1,
      1,
      1,
      1,
      1,
      1,
      0,
      1,
      1,
      1
    ],