{
  "audio_timestamp": [
    299.3333333333333,
    347.6666666666667
  ],
  "data": {
    "block_num": [
      0,
      1,
      1,
      1,
      1,
      1,
      1,
      1,
      2,
      2,
      2,
      2,
      2,
      2,
      2,
      2,
      2,
      2,
      2,
      2,
      2,
      2,
      2,
      2,
      2,
      2,
      2,
      2,
      2,
      3,
      3,
      3,
      3,
      3,
      3,
      3,
      3,
      3,
      3,
      3,
      3,
      3,
      3,
      3,
      4,
      4,
      4,
      4,
      4,
      4,
      4,
      4,
      4,
      5,
      5,
      5,
      5,
      5,
      5,
      5,
      5,
      5,
      5,
      6,
      6,
      6,
      6,
      6,
      6,
      6,
      6,
      6,
      6,
      6,
      6,
      6,
      6,
      6,
      6,
      6,
      7,
      7,
      7,
      7,
      7,
      7,
      8,
      8,
      8,
      8,
      8,
      8,
      8,
      8,
      8,
      8,
      9,
      9,
      9,
      9,
      9,
      9,
      9,
      9,
      9,
      9,
      9,
      9,
      9,
      9,
      9,
      9,
      9,
      9,
      9,
      9,
      9,
      9,
      9,
      9,
      9
    ],
    "conf": [
      "-1",
      "-1",
      "-1",
      "-1",
      92,
      91,
      92,
      92,
      "-1",
      "-1",
      "-1",
      37,
      "-1",
      "-1",
      23,
      0,
      33,
      0,
      50,
      0,
      "-1",
      0,
      0,
      51,
      0,
      14,
      45,
      "-1",
      5,
      "-1",
      "-1",
      "-1",
      56,
      "-1",
      51,
      62,
      18,
      19,
      0,
      0,
      33,
      30,
      "-1",
      4,
      "-1",
      "-1",
      "-1",
      40,
      26,
      39,
      1,
      47,
      10,
      "-1",
      "-1",
      "-1",
      42,
      2,
      14,
      25,
      57,
      0,
      0,
      "-1",
      "-1",
      "-1",
      0,
      "-1",
      "-1",
      0,
      "-1",
      6,
      "-1",
      0,
      "-1",
      0,
      8,
      2,
      "-1",
      0,
      "-1",
      "-1",
      "-1",
      95,
      "-1",
      95,
      "-1",
      "-1",
      "-1",
      66,
      85,
      87,
      73,
      91,
      51,
      42,
      "-1",
      "-1",
      "-1",
      18,
      91,
      90,
      88,
      85,
      89,
      84,
      75,
      84,
      93,
      71,
      84,
      87,
      85,
      91,
      83,
      83,
      91,
      92,
      92,
      91,
      70
    ],
    "height": [
      720,
      31,
      31,
      31,
      31,
      24,
      25,
      24,
      48,
      8,
      8,
      8,
      38,
      18,
      11,
      16,
      15,
      6,
      15,
      7,
      16,
      15,
      29,
      15,
      15,
      16,
      29,
      8,
      8,
      38,
      38,
      21,
      21,
      8,
      6,
      6,
      6,
      7,
      6,
      7,
      8,
      28,
      17,
      17,
      7,
      7,
      7,
      7,
      5,
      7,
      28,
      28,
      6,
      12,
      12,
      12,
      12,
      28,
      28,
      28,
      28,
      6,
      6,
      92,
      8,
      8,
      8,
      82,
      18,
      27,
      8,
      8,
      8,
      8,
      16,
      40,
      23,
      15,
      15,
      15,
      68,
      68,
      41,
      41,
      27,
      27,
      12,
      12,
      12,
      12,
      11,
      11,
      11,
      12,
      11,
      10,
      11,
      11,
      11,
      11,
      9,
      23,
      9,
      8,
      9,
      8,
      10,
      8,
      8,
      10,
      7,
      8,
      8,
      8,
      9,
      8,
      8,
      9,
      9,
      8,
      9
    ],
    "left": [
      0,
      48,
      48,
      48,
      48,
      152,
      231,
      367,
      196,
      209,
      209,
      209,
      196,
      196,
      196,
      225,
      312,
      338,
      372,
      382,
      209,
      209,
      248,
      267,
      277,
      308,
      350,
      209,
      209,
      196,
      196,
      196,
      196,
      209,
      214,
      225,
      230,
      259,
      289,
      302,
      356,
      391,
      261,
      261,
      209,
      209,
      209,
      209,
      245,
      269,
      328,
      363,
      380,
      196,
      196,
      196,
      196,
      227,
      250,
      269,
      306,
      330,
      364,
      196,
      209,
      209,
      209,
      196,
      196,
      196,
      209,
      246,
      209,
      209,
      209,
      209,
      275,
      316,
      209,
      209,
      416,
      416,
      416,
      416,
      416,
      416,
      365,
      365,
      365,
      365,
      407,
      427,
      450,
      508,
      526,
      554,
      150,
      150,
      150,
      150,
      199,
      222,
      234,
      280,
      297,
      322,
      338,
      367,
      415,
      431,
      494,
      506,
      561,
      598,
      616,
      640,
      675,
      715,
      728,
      771,
      788
    ],
    "level": [
      1,
      2,
      3,
      4,
      5,
      5,
      5,
      5,
      2,
      3,
      4,
      5,
      3,
      4,
      5,
      5,
      5,
      5,
      5,
      5,
      4,
      5,
      5,
      5,
      5,
      5,
      5,
      4,
      5,
      2,
      3,
      4,
      5,
      4,
      5,
      5,
      5,
      5,
      5,
      5,
      5,
      5,
      4,
      5,
      2,
      3,
      4,
      5,
      5,
      5,
      5,
      5,
      5,
      2,
      3,
      4,
      5,
      5,
      5,
      5,
      5,
      5,
      5,
      2,
      3,
      4,
      5,
      3,
      4,
      5,
      4,
      5,
      4,
      5,
      4,
      5,
      5,
      5,
      4,
      5,
      2,
      3,
      4,
      5,
      4,
      5,
      2,
      3,
      4,
      5,
      5,
      5,
      5,
      5,
      5,
      5,
      2,
      3,
      4,
      5,
      5,
      5,
      5,
      5,
      5,
      5,
      5,
      5,
      5,
      5,
      5,
      5,
      5,
      5,
      5,
      5,
      5,
      5,
      5,
      5,
      5
    ],
    "line_num": [
      0,
      0,
      0,
      1,
      1,
      1,
      1,
      1,
      0,
      0,
      1,
      1,
      0,
      1,
      1,
      1,
      1,
      1,
      1,
      1,
      2,
      2,
      2,
      2,
      2,
      2,
      2,
      3,
      3,
      0,
      0,
      1,
      1,
      2,
      2,
      2,
      2,
      2,
      2,
      2,
      2,
      2,
      3,
      3,
      0,
      0,
      1,
      1,
      1,
      1,
      1,
      1,
      1,
      0,
      0,
      1,
      1,
      1,
      1,
      1,
      1,
      1,
      1,
      0,
      0,
      1,
      1,
      0,
      1,
      1,
      2,
      2,
      3,
      3,
      4,
      4,
      4,
      4,
      5,
      5,
      0,
      0,
      1,
      1,
      2,
      2,
      0,
      0,
      1,
      1,
      1,
      1,
      1,
      1,
      1,
      1,
      0,
      0,
      1,
      1,
      1,
      1,
      1,
      1,
      1,
      1,
      1,
      1,
      1,
      1,
      1,
      1,
      1,
      1,
      1,
      1,
      1,
      1,
      1,
      1,
      1
    ],