{
  "audio_timestamp": [
    575.3333333333334,
    599.6666666666666
  ],
  "data": {
    "block_num": [
      0,
      1,
      1,
      1,
      1,
      1,
      1,
      2,
      2,
      2,
      2,
      2,
      2,
      3,
      3,
      3,
      3,
      3,
      3,
      3,
      3,
      3,
      3,
      3,
      3,
      3,
      3,
      3,
      3,
      3,
      4,
      4,
      4,
      4,
      4,
      4,
      4,
      4,
      4,
      4,
      4,
      4,
      4,
      4,
      4,
      4,
      4,
      5,
      5,
      5,
      5,
      5,
      5,
      5,
      5,
      5,
      5,
      5,
      5,
      5,
      5,
      5,
      6,
      6,
      6,
      6,
      6,
      6,
      6,
      6,
      6,
      6,
      6,
      6,
      6,
      6,
      6,
      6,
      6,
      6,
      6,
      6,
      6,
      6,
      6,
      6,
      6,
      6,
      6,
      6,
      6,
      6,
      6,
      6,
      6,
      6,
      6,
      6,
      7,
      7,
      7,
      7
    ],
    "conf": [
      "-1",
      "-1",
      "-1",
      "-1",
      92,
      91,
      92,
      "-1",
      "-1",
      "-1",
      92,
      91,
      91,
      "-1",
      "-1",
      "-1",
      8,
      83,
      92,
      91,
      92,
      92,
      91,
      92,
      92,
      92,
      "-1",
      91,
      91,
      91,
      "-1",
      "-1",
      "-1",
      25,
      73,
      92,
      92,
      92,
      92,
      92,
      90,
      92,
      92,
      "-1",
      93,
      91,
      92,
      "-1",
      "-1",
      "-1",
      2,
      84,
      89,
      91,
      92,
      93,
      91,
      92,
      92,
      93,
      93,
      92,
      "-1",
      "-1",
      "-1",
      8,
      64,
      90,
      92,
      92,
      92,
      "-1",
      11,
      52,
      91,
      "-1",
      62,
      77,
      85,
      92,
      92,
      92,
      87,
      18,
      91,
      "-1",
      91,
      "-1",
      0,
      86,
      86,
      92,
      88,
      92,
      91,
      92,
      91,
      92,
      "-1",
      "-1",
      "-1",
      95
    ],
    "height": [
      720,
      31,
      31,
      31,
      24,
      23,
      31,
      31,
      31,
      31,
      24,
      23,
      31,
      69,
      69,
      30,
      8,
      30,
      23,
      30,
      23,
      23,
      23,
      23,
      23,
      22,
      31,
      31,
      24,
      23,
      62,
      62,
      30,
      8,
      23,
      23,
      23,
      30,
      23,
      23,
      23,
      30,
      17,
      23,
      23,
      23,
      23,
      30,
      30,
      30,
      8,
      30,
      29,
      17,
      30,
      17,
      30,
      23,
      23,
      30,
      17,
      23,
      215,
      215,
      23,
      8,
      23,
      23,
      23,
      23,
      23,
      25,
      7,
      19,
      25,
      29,
      6,
      19,
      25,
      18,
      14,
      19,
      18,
      22,
      21,
      19,
      19,
      25,
      6,
      19,
      25,
      14,
      25,
      18,
      19,
      19,
      19,
      19,
      29,
      29,
      29,
      29
    ],
    "left": [
      0,
      47,
      47,
      47,
      47,
      135,
      215,
      47,
      47,
      47,
      47,
      135,
      215,
      47,
      47,
      47,
      47,
      84,
      189,
      275,
      368,
      437,
      582,
      649,
      818,
      885,
      84,
      84,
      208,
      282,
      47,
      47,
      47,
      47,
      83,
      165,
      233,
      264,
      397,
      456,
      626,
      693,
      811,
      83,
      83,
      177,
      213,
      47,
      47,
      47,
      47,
      83,
      172,
      287,
      331,
      400,
      443,
      553,
      620,
      683,
      728,
      783,
      47,
      47,
      47,
      47,
      84,
      140,
      218,
      293,
      361,
      79,
      79,
      116,
      220,
      79,
      79,
      115,
      138,
      255,
      335,
      380,
      516,
      558,
      632,
      116,
      116,
      79,
      79,
      114,
      144,
      201,
      248,
      373,
      455,
      527,
      580,
      605,
      0,
      0,
      0,
      0
    ],
    "level": [
      1,
      2,
      3,
      4,
      5,
      5,
      5,
      2,
      3,
      4,
      5,
      5,
      5,
      2,
      3,
      4,
      5,
      5,
      5,
      5,
      5,
      5,
      5,
      5,
      5,
      5,
      4,
      5,
      5,
      5,
      2,
      3,
      4,
      5,
      5,
      5,
      5,
      5,
      5,
      5,
      5,
      5,
      5,
      4,
      5,
      5,
      5,
      2,
      3,
      4,
      5,
      5,
      5,
      5,
      5,
      5,
      5,
      5,
      5,
      5,
      5,
      5,
      2,
      3,
      4,
      5,
      5,
      5,
      5,
      5,
      5,
      4,
      5,
      5,
      5,
      4,
      5,
      5,
      5,
      5,
      5,
      5,
      5,
      5,
      5,
      4,
      5,
      4,
      5,
      5,
      5,
      5,
      5,
      5,
      5,
      5,
      5,
      5,
      2,
      3,
      4,
      5
    ],
    "line_num": [
      0,
      0,
      0,
      1,
      1,
      1,
      1,
      0,
      0,
      1,
      1,
      1,
      1,
      0,
      0,
      1,
      1,
      1,
      1,
      1,
      1,
      1,
      1,
      1,
      1,
      1,
      2,
      2,
      2,
      2,
      0,
      0,
      1,
      1,
      1,
      1,
      1,
      1,
      1,
      1,
      1,
      1,
      1,
      2,
      2,
      2,
      2,
      0,
      0,
      1,
      1,
      1,
      1,
      1,
      1,
      1,
      1,
      1,
      1,
      1,
      1,
      1,
      0,
      0,
      1,
      1,
      1,
      1,
      1,
      1,
      1,
      2,
      2,
      2,
      2,
      3,
      3,
      3,
      3,
      3,
      3,
      3,
      3,
      3,
      3,
      4,
      4,
      5,
      5,
      5,
      5,
      5,
      5,
      5,
      5,
      5,
      5,
      5,
      0,
      0,
      1,
      1
    ],
    "page_num": [
      1,
      1,
      1,
      1,
      1,
      1,
      1,
      1,
      1,
      1,
      1,
      1,
      1,
      1,
      1,
      1,
      1,
      1,
      1,
      1,
      1,
      1,
      1,
      1,
      1,
      1,
      1,
      1,
      1,
      1,
      1,
      1,
      1,
      1,
      1,
      1,
      1,
      1,
      1,
      1,
      1,
      1,
      1,
      1,
      1,
      1,
      1,
      1,
      1,
      1,
      1,
      1,
      1,
      1,
      1,
      1,
      1,
      1,
      1,
      1,
      1,
      1,
      1,
      1,
      1,
      1,
      1,
      1,
      1,
      1,
      1,
      1,
      1,
      1,
      1,
      1,
      1,
      1,
      1,
      1,
      1,
      1,
      1,
      1,
      1,
      1,
      1,
      1,
      1,
      1,
      1,
      1,
      1,
      1,
      1,
      1,
      1,
      1,
      1,
      1,
      1,
      1
    ],