{
  "audio_timestamp": [
    275.56666666666666,
    299.3333333333333
  ],
  "data": {
    "block_num": [
      0,
      1,
      1,
      1,
      1,
      1,
      1,
      1,
      1,
      2,
      2,
      2,
      2,
      2,
      2,
      2,
      2,
      2,
      2,
      2,
      2,
      2,
      2,
      2,
      3,
      3,
      3,
      3,
      3,
      3,
      4,
      4,
      4,
      4,
      4,
      4,
      5,
      5,
      5,
      5,
      5,
      6,
      6,
      6,
      6,
      7,
      7,
      7,
      7,
      7,
      7,
      7,
      7,
      7,
      7,
      7,
      7,
      7,
      7,
      7,
      7,
      7,
      7,
      7,
      7,
      7,
      7,
      7,
      7,
      7
    ],
    "conf": [
      "-1",
      "-1",
      "-1",
      "-1",
      92,
      92,
      93,
      91,
      92,
      "-1",
      "-1",
      "-1",
      84,
      93,
      92,
      92,
      90,
      87,
      86,
      91,
      92,
      90,
      61,
      91,
      "-1",
      "-1",
      "-1",
      95,
      "-1",
      95,
      "-1",
      "-1",
      "-1",
      90,
      95,
      24,
      "-1",
      "-1",
      "-1",
      92,
      96,
      "-1",
      "-1",
      "-1",
      95,
      "-1",
      "-1",
      "-1",
      21,
      92,
      90,
      90,
      89,
      89,
      48,
      86,
      79,
      92,
      82,
      45,
      78,
      81,
      72,
      72,
      53,
      75,
      80,
      80,
      51,
      90
    ],
    "height": [
      720,
      31,
      31,
      31,
      31,
      24,
      24,
      24,
      31,
      12,
      12,
      12,
      12,
      9,
      8,
      9,
      9,
      9,
      9,
      11,
      9,
      11,
      7,
      12,
      441,
      441,
      259,
      259,
      182,
      182,
      20,
      20,
      20,
      14,
      12,
      15,
      15,
      15,
      15,
      15,
      12,
      2,
      2,
      2,
      2,
      11,
      11,
      11,
      11,
      9,
      24,
      9,
      8,
      9,
      8,
      10,
      8,
      8,
      10,
      7,
      8,
      8,
      8,
      9,
      8,
      8,
      9,
      9,
      8,
      9
    ],
    "left": [
      0,
      48,
      48,
      48,
      48,
      152,
      231,
      264,
      419,
      249,
      249,
      249,
      249,
      306,
      339,
      352,
      401,
      422,
      450,
      514,
      563,
      582,
      656,
      670,
      262,
      262,
      262,
      262,
      262,
      262,
      223,
      223,
      223,
      223,
      282,
      665,
      597,
      597,
      597,
      597,
      655,
      420,
      420,
      420,
      420,
      150,
      150,
      150,
      150,
      199,
      224,
      232,
      280,
      297,
      322,
      338,
      367,
      415,
      431,
      494,
      506,
      561,
      598,
      616,
      640,
      675,
      715,
      728,
      771,
      788
    ],
    "level": [
      1,
      2,
      3,
      4,
      5,
      5,
      5,
      5,
      5,
      2,
      3,
      4,
      5,
      5,
      5,
      5,
      5,
      5,
      5,
      5,
      5,
      5,
      5,
      5,
      2,
      3,
      4,
      5,
      4,
      5,
      2,
      3,
      4,
      5,
      5,
      5,
      2,
      3,
      4,
      5,
      5,
      2,
      3,
      4,
      5,
      2,
      3,
      4,
      5,
      5,
      5,
      5,
      5,
      5,
      5,
      5,
      5,
      5,
      5,
      5,
      5,
      5,
      5,
      5,
      5,
      5,
      5,
      5,
      5,
      5
    ],
    "line_num": [
      0,
      0,
      0,
      1,
      1,
      1,
      1,
      1,
      1,
      0,
      0,
      1,
      1,
      1,
      1,
      1,
      1,
      1,
      1,
      1,
      1,
      1,
      1,
      1,
      0,
      0,
      1,
      1,
      2,
      2,
      0,
      0,
      1,
      1,
      1,
      1,
      0,
      0,
      1,
      1,
      1,
      0,
      0,
      1,
      1,
      0,
      0,
      1,
      1,
      1,
      1,
      1,
      1,
      1,
      1,
      1,
      1,
      1,
      1,
      1,
      1,
      1,
      1,
      1,
      1,
      1,
      1,
      1,
      1,
      1
    ],
    "page_num": [
      1,
      1,
      1,
      1,
      1,
      1,
      1,
      1,
      1,
      1,
      1,
      1,
      1,
      1,
      1,
      1,
      1,
      1,
      1,
      1,
      1,
      1,
      1,
      1,
      1,
      1,
      1,
      1,
      1,
      1,
      1,
      1,
      1,
      1,
      1,
      1,
      1,
      1,
      1,
      1,
      1,
      1,
      1,
      1,
      1,
      1,
      1,
      1,
      1,
      1,
      1,
      1,
      1,
      1,
      1,
      1,
      1,
      1,
      1,
      1,
      1,
      1,
      1,
      1,
      1,
      1,
      1,
      1,
      1,
      1
    ],
    "par_num": [
      0,
      0,
      1,
      1,
      1,
      1,
      1,
      1,
      1,
      0,
      1,
      1,
      1,
      1,
      1,
      1,
      1,
      1,
      1,
      1,
      1,
      1,
      1,
      1,
      0,
      1,
      1,
      1,
      1,
      1,
      0,
      1,
      1,
      1,
      1,
      1,
      0,
      1,
      1,
      1,
      1,
      0,
      1,
      1,
      1,
      0,
      1,
      1,
      1,
      1,
      1,
      1,
      1,
      1,
      1,
      1,
      1,
      1,
      1,
      1,
      1,
      1,
      1,
      1,
      1,
      1,
      1,
      1,
      1,
      1
    ],
    "text": [
      "",
      "",
      "",
      "",
      "Figure",
      "4.10",
      "A",
      "Metabolic",
      "Cycle",
      "",
      "",
      "",
      "Copyright",
      "2022",
      "\u00a9",
      "McGraw",
      "Hill",
      "LLC.",
      "Permission",
      "required",
      "for",
      "reproduction",
      "or",
      "display.",
      "",
      "",
      "",
      "    ",
      "",
      "    ",
      "",
      "",
      "",
      "Enzyme",
      "D",
      "EnzymeA",
      "",
      "",
      "",
      "Enzyme",
      "B",
      "",
      "",
      "",
      " ",
      "",
      "",
      "",
      "\u2018Copyright",
      "2022",
      "\u00a9",
      "McGraw",
      "Hill",
      "LLC.",
      "Al",
      "ights",
      "reserved.",
      "No",
      "reproduction",
      "or",
      "distribution",
      "without",
      "the",
      "prior",
      "written",
      "consent",
      "of",
      "McGraw",
      "Hill",
      "LLC."
    ],
    "top": [
      0,
      56,
      56,
      56,
      56,
      56,
      56,
      56,
      56,
      148,
      148,
      148,
      148,
      148,
      149,
      148,
      148,
      148,
      148,
      148,
      148,
      148,
      150,
      148,
      166,
      166,
      166,
      166,
      425,
      425,
      398,
      398,
      398,
      398,
      398,
      403,
      560,
      560,
      560,
      560,
      560,
      682,
      682,
      682,
      682,
      706,
      706,
      706,
      706,
      706,
      696,
      706,
      707,
      706,
      707,
      707,
      707,
      707,
      707,
      708,
      707,
      707,
      707,
      708,
      707,
      707,
      706,
      706,
      707,
      706
    ],