{
  "audio_timestamp": [
    400.3666666666667,
    489.8333333333333
  ],
  "data": {
    "block_num": [
      0,
      1,
      1,
      1,
      1,
      1,
      1,
      2,
      2,
      2,
      2,
      2,
      2,
      2,
      2,
      2,
      2,
      2,
      2,
      2,
      2,
      3,
      3,
      3,
      3,
      4,
      4,
      4,
      4,
      4,
      4,
      4,
      4,
      5,
      5,
      5,
      5,
      6,
      6,
      6,
      6,
      7,
      7,
      7,
      7,
      8,
      8,
      8,
      8,
      8,
      8,
      8,
      8,
      8,
      8,
      8,
      8,
      8,
      8,
      9,
      9,
      9,
      9,
      9,
      9,
      9,
      9,
      9,
      9,
      9,
      9,
      9,
      9,
      9,
      9,
      9,
      9,
      9,
      9,
      10,
      10,
      10,
      10,
      10,
      10,
      10,
      10,
      10,
      10,
      10,
      10,
      10,
      10,
      10,
      10,
      10,
      10,
      11,
      11,
      11,
      11,
      12,
      12,
      12,
      12,
      12,
      12,
      12,
      12,
      12,
      12,
      12,
      12,
      12,
      12,
      12,
      12,
      12,
      12,
      12,
      12,
      12,
      12,
      12,
      12,
      12,
      12
    ],
    "conf": [
      "-1",
      "-1",
      "-1",
      "-1",
      92,
      92,
      91,
      "-1",
      "-1",
      "-1",
      15,
      89,
      74,
      38,
      48,
      80,
      60,
      76,
      33,
      53,
      8,
      "-1",
      "-1",
      "-1",
      95,
      "-1",
      "-1",
      "-1",
      91,
      80,
      91,
      "-1",
      0,
      "-1",
      "-1",
      "-1",
      95,
      "-1",
      "-1",
      "-1",
      95,
      "-1",
      "-1",
      "-1",
      95,
      "-1",
      "-1",
      "-1",
      40,
      "-1",
      0,
      "-1",
      "-1",
      37,
      37,
      "-1",
      "-1",
      65,
      83,
      "-1",
      "-1",
      "-1",
      90,
      94,
      "-1",
      76,
      88,
      "-1",
      81,
      91,
      "-1",
      "-1",
      84,
      84,
      29,
      "-1",
      89,
      91,
      45,
      "-1",
      "-1",
      "-1",
      78,
      51,
      91,
      67,
      0,
      72,
      "-1",
      91,
      48,
      82,
      0,
      "-1",
      90,
      83,
      48,
      "-1",
      "-1",
      "-1",
      95,
      "-1",
      "-1",
      "-1",
      9,
      92,
      90,
      90,
      89,
      89,
      54,
      80,
      76,
      92,
      77,
      55,
      80,
      79,
      70,
      70,
      58,
      73,
      89,
      89,
      68,
      91,
      89
    ],
    "height": [
      720,
      31,
      31,
      31,
      31,
      24,
      31,
      9,
      9,
      9,
      9,
      7,
      6,
      7,
      7,
      7,
      9,
      7,
      9,
      5,
      9,
      1,
      1,
      1,
      1,
      33,
      33,
      12,
      12,
      9,
      8,
      14,
      14,
      51,
      51,
      51,
      51,
      51,
      51,
      51,
      51,
      1,
      1,
      1,
      1,
      125,
      29,
      11,
      11,
      14,
      14,
      11,
      11,
      11,
      11,
      28,
      28,
      28,
      11,
      66,
      37,
      9,
      9,
      9,
      9,
      9,
      9,
      9,
      9,
      8,
      25,
      9,
      9,
      9,
      9,
      11,
      9,
      11,
      8,
      38,
      38,
      11,
      9,
      9,
      9,
      11,
      9,
      9,
      13,
      9,
      9,
      9,
      13,
      11,
      9,
      11,
      11,
      562,
      562,
      562,
      562,
      11,
      11,
      11,
      11,
      9,
      24,
      9,
      8,
      9,
      8,
      10,
      8,
      8,
      10,
      7,
      8,
      8,
      8,
      9,
      8,
      8,
      8,
      9,
      8,
      8,
      9
    ],
    "left": [
      0,
      48,
      48,
      48,
      48,
      152,
      233,
      302,
      302,
      302,
      302,
      346,
      372,
      382,
      419,
      456,
      506,
      544,
      558,
      615,
      627,
      562,
      562,
      562,
      562,
      570,
      570,
      571,
      571,
      587,
      629,
      570,
      570,
      562,
      562,
      562,
      562,
      662,
      662,
      662,
      662,
      562,
      562,
      562,
      562,
      346,
      394,
      394,
      394,
      397,
      397,
      355,
      355,
      355,
      477,
      346,
      346,
      346,
      477,
      299,
      299,
      299,
      299,
      336,
      299,
      299,
      353,
      299,
      299,
      356,
      299,
      299,
      299,
      325,
      349,
      299,
      299,
      314,
      369,
      382,
      382,
      382,
      382,
      398,
      427,
      452,
      556,
      601,
      382,
      382,
      405,
      451,
      567,
      382,
      382,
      413,
      460,
      0,
      0,
      0,
      0,
      150,
      150,
      150,
      150,
      199,
      224,
      232,
      280,
      297,
      322,
      338,
      367,
      415,
      431,
      494,
      506,
      561,
      598,
      616,
      640,
      675,
      715,
      728,
      771,
      788,
      935
    ],
    "level": [
      1,
      2,
      3,
      4,
      5,
      5,
      5,
      2,
      3,
      4,
      5,
      5,
      5,
      5,
      5,
      5,
      5,
      5,
      5,
      5,
      5,
      2,
      3,
      4,
      5,
      2,
      3,
      4,
      5,
      5,
      5,
      4,
      5,
      2,
      3,
      4,
      5,
      2,
      3,
      4,
      5,
      2,
      3,
      4,
      5,
      2,
      3,
      4,
      5,
      4,
      5,
      3,
      4,
      5,
      5,
      3,
      4,
      5,
      5,
      2,
      3,
      4,
      5,
      5,
      4,
      5,
      5,
      4,
      5,
      5,
      3,
      4,
      5,
      5,
      5,
      4,
      5,
      5,
      5,
      2,
      3,
      4,
      5,
      5,
      5,
      5,
      5,
      5,
      4,
      5,
      5,
      5,
      5,
      4,
      5,
      5,
      5,
      2,
      3,
      4,
      5,
      2,
      3,
      4,
      5,
      5,
      5,
      5,
      5,
      5,
      5,
      5,
      5,
      5,
      5,
      5,
      5,
      5,
      5,
      5,
      5,
      5,
      5,
      5,
      5,
      5,
      5
    ],
    "line_num": [
      0,
      0,
      0,
      1,
      1,
      1,
      1,
      0,
      0,
      1,
      1,
      1,
      1,
      1,
      1,
      1,
      1,
      1,
      1,
      1,
      1,
      0,
      0,
      1,
      1,
      0,
      0,
      1,
      1,
      1,
      1,
      2,
      2,
      0,
      0,
      1,
      1,
      0,
      0,
      1,
      1,
      0,
      0,
      1,
      1,
      0,
      0,
      1,
      1,
      2,
      2,
      0,
      1,
      1,
      1,
      0,
      1,
      1,
      1,
      0,
      0,
      1,
      1,
      1,
      2,
      2,
      2,
      3,
      3,
      3,
      0,
      1,
      1,
      1,
      1,
      2,
      2,
      2,
      2,
      0,
      0,
      1,
      1,
      1,
      1,
      1,
      1,
      1,
      2,
      2,
      2,
      2,
      2,
      3,
      3,
      3,
      3,
      0,
      0,
      1,
      1,
      0,
      0,
      1,
      1,
      1,
      1,
      1,
      1,
      1,
      1,
      1,
      1,
      1,
      1,
      1,
      1,
      1,
      1,
      1,
      1,
      1,
      1,
      1,
      1,
      1,
      1
    ],