{
  "audio_timestamp": [
    347.6666666666667,
    400.3666666666667
  ],
  "data": {
    "block_num": [
      0,
      1,
      1,
      1,
      1,
      2,
      2,
      2,
      2,
      2,
      2,
      2,
      2,
      2,
      2,
      2,
      2,
      2,
      2,
      2,
      2,
      2,
      2,
      3,
      3,
      3,
      3,
      3,
      3,
      3,
      3,
      3,
      3,
      3,
      3,
      3,
      3,
      3,
      4,
      4,
      4,
      4,
      4,
      4,
      4,
      4,
      4,
      4,
      4,
      4,
      4,
      4,
      4,
      4,
      4,
      4,
      4,
      4,
      4,
      4,
      4,
      4,
      4,
      4,
      4,
      4,
      4,
      4,
      4,
      4,
      4,
      4,
      4,
      4,
      4,
      4,
      4,
      4,
      4,
      4,
      4,
      4,
      4,
      4,
      4,
      4,
      4,
      4,
      5,
      5,
      5,
      5,
      5,
      5,
      5,
      5,
      5,
      5,
      5,
      5,
      5,
      6,
      6,
      6,
      6,
      7,
      7,
      7,
      7,
      7,
      7,
      7,
      8,
      8,
      8,
      8
    ],
    "conf": [
      "-1",
      "-1",
      "-1",
      "-1",
      90,
      "-1",
      "-1",
      "-1",
      92,
      "-1",
      25,
      50,
      91,
      92,
      92,
      91,
      91,
      "-1",
      0,
      65,
      93,
      93,
      90,
      "-1",
      "-1",
      "-1",
      0,
      52,
      92,
      90,
      91,
      91,
      93,
      92,
      92,
      92,
      "-1",
      91,
      "-1",
      "-1",
      "-1",
      0,
      35,
      91,
      91,
      "-1",
      "-1",
      20,
      47,
      92,
      92,
      92,
      92,
      "-1",
      "-1",
      21,
      41,
      92,
      91,
      91,
      91,
      90,
      92,
      92,
      92,
      "-1",
      92,
      91,
      91,
      91,
      "-1",
      "-1",
      60,
      72,
      93,
      92,
      "-1",
      "-1",
      79,
      79,
      92,
      92,
      92,
      91,
      91,
      91,
      "-1",
      97,
      "-1",
      "-1",
      "-1",
      91,
      92,
      91,
      91,
      92,
      93,
      92,
      92,
      92,
      93,
      "-1",
      "-1",
      "-1",
      95,
      "-1",
      "-1",
      "-1",
      44,
      90,
      89,
      91,
      "-1",
      "-1",
      "-1",
      95
    ],
    "height": [
      720,
      31,
      31,
      31,
      31,
      109,
      109,
      25,
      25,
      25,
      6,
      19,
      19,
      20,
      19,
      25,
      19,
      19,
      7,
      19,
      19,
      19,
      19,
      49,
      49,
      25,
      7,
      20,
      20,
      25,
      25,
      20,
      20,
      25,
      20,
      25,
      19,
      19,
      292,
      25,
      25,
      7,
      20,
      20,
      25,
      25,
      25,
      6,
      19,
      25,
      19,
      19,
      25,
      73,
      26,
      7,
      20,
      19,
      19,
      19,
      20,
      25,
      19,
      19,
      19,
      24,
      19,
      19,
      19,
      24,
      25,
      25,
      20,
      25,
      20,
      25,
      64,
      24,
      19,
      24,
      19,
      24,
      19,
      18,
      19,
      19,
      20,
      20,
      25,
      25,
      25,
      20,
      20,
      23,
      23,
      20,
      20,
      20,
      20,
      25,
      20,
      6,
      6,
      6,
      6,
      8,
      8,
      8,
      7,
      7,
      8,
      7,
      9,
      9,
      9,
      9
    ],
    "left": [
      0,
      47,
      47,
      47,
      47,
      47,
      47,
      47,
      47,
      47,
      47,
      84,
      143,
      244,
      367,
      397,
      497,
      47,
      47,
      83,
      166,
      197,
      233,
      47,
      47,
      47,
      47,
      84,
      173,
      244,
      344,
      475,
      524,
      547,
      638,
      695,
      84,
      84,
      46,
      47,
      47,
      47,
      83,
      175,
      203,
      47,
      47,
      47,
      82,
      211,
      290,
      320,
      413,
      47,
      47,
      47,
      82,
      162,
      182,
      241,
      368,
      413,
      513,
      627,
      715,
      47,
      47,
      70,
      170,
      202,
      48,
      48,
      48,
      96,
      293,
      323,
      46,
      46,
      46,
      95,
      311,
      340,
      441,
      490,
      539,
      652,
      47,
      47,
      96,
      96,
      96,
      96,
      229,
      260,
      347,
      409,
      461,
      484,
      611,
      641,
      732,
      0,
      0,
      0,
      0,
      722,
      722,
      722,
      722,
      771,
      788,
      936,
      151,
      151,
      151,
      151
    ],
    "level": [
      1,
      2,
      3,
      4,
      5,
      2,
      3,
      4,
      5,
      4,
      5,
      5,
      5,
      5,
      5,
      5,
      5,
      4,
      5,
      5,
      5,
      5,
      5,
      2,
      3,
      4,
      5,
      5,
      5,
      5,
      5,
      5,
      5,
      5,
      5,
      5,
      4,
      5,
      2,
      3,
      4,
      5,
      5,
      5,
      5,
      3,
      4,
      5,
      5,
      5,
      5,
      5,
      5,
      3,
      4,
      5,
      5,
      5,
      5,
      5,
      5,
      5,
      5,
      5,
      5,
      4,
      5,
      5,
      5,
      5,
      3,
      4,
      5,
      5,
      5,
      5,
      3,
      4,
      5,
      5,
      5,
      5,
      5,
      5,
      5,
      5,
      4,
      5,
      2,
      3,
      4,
      5,
      5,
      5,
      5,
      5,
      5,
      5,
      5,
      5,
      5,
      2,
      3,
      4,
      5,
      2,
      3,
      4,
      5,
      5,
      5,
      5,
      2,
      3,
      4,
      5
    ],
    "line_num": [
      0,
      0,
      0,
      1,
      1,
      0,
      0,
      1,
      1,
      2,
      2,
      2,
      2,
      2,
      2,
      2,
      2,
      3,
      3,
      3,
      3,
      3,
      3,
      0,
      0,
      1,
      1,
      1,
      1,
      1,
      1,
      1,
      1,
      1,
      1,
      1,
      2,
      2,
      0,
      0,
      1,
      1,
      1,
      1,
      1,
      0,
      1,
      1,
      1,
      1,
      1,
      1,
      1,
      0,
      1,
      1,
      1,
      1,
      1,
      1,
      1,
      1,
      1,
      1,
      1,
      2,
      2,
      2,
      2,
      2,
      0,
      1,
      1,
      1,
      1,
      1,
      0,
      1,
      1,
      1,
      1,
      1,
      1,
      1,
      1,
      1,
      2,
      2,
      0,
      0,
      1,
      1,
      1,
      1,
      1,
      1,
      1,
      1,
      1,
      1,
      1,
      0,
      0,
      1,
      1,
      0,
      0,
      1,
      1,
      1,
      1,
      1,
      0,
      0,
      1,
      1
    ],