{
  "audio_timestamp": [
    642.4666666666667,
    746.6333333333333
  ],
  "data": {
    "block_num": [
      0,
      1,
      1,
      1,
      1,
      1,
      1,
      2,
      2,
      2,
      2,
      2,
      2,
      2,
      2,
      2,
      2,
      2,
      2,
      2,
      2,
      2,
      2,
      2,
      2,
      3,
      3,
      3,
      3,
      3,
      3,
      3,
      3,
      3,
      3,
      3,
      3,
      3,
      3,
      3,
      3,
      3,
      3,
      3,
      3,
      4,
      4,
      4,
      4,
      4,
      4,
      4,
      4,
      4,
      4,
      4,
      4,
      4,
      5,
      5,
      5,
      5,
      5,
      5,
      5,
      5,
      5,
      5,
      5,
      5,
      5,
      5,
      5,
      6,
      6,
      6,
      6,
      6,
      6,
      6,
      6,
      6,
      6,
      6,
      6,
      7,
      7,
      7,
      7,
      7,
      7,
      7,
      7,
      7,
      7,
      7,
      7,
      7,
      8,
      8,
      8,
      8,
      8,
      8,
      8,
      8,
      8,
      8,
      8,
      8,
      8,
      8,
      8,
      8,
      8,
      8,
      8,
      8,
      8,
      8,
      8,
      8,
      9,
      9,
      9,
      9
    ],
    "conf": [
      "-1",
      "-1",
      "-1",
      "-1",
      90,
      92,
      92,
      "-1",
      "-1",
      "-1",
      90,
      92,
      83,
      93,
      92,
      92,
      92,
      91,
      92,
      "-1",
      92,
      92,
      92,
      90,
      90,
      "-1",
      "-1",
      "-1",
      90,
      90,
      91,
      91,
      93,
      91,
      91,
      92,
      92,
      92,
      92,
      "-1",
      92,
      91,
      91,
      92,
      92,
      "-1",
      "-1",
      "-1",
      91,
      91,
      92,
      90,
      92,
      90,
      90,
      92,
      91,
      90,
      "-1",
      "-1",
      "-1",
      89,
      92,
      90,
      91,
      92,
      91,
      92,
      93,
      91,
      92,
      "-1",
      90,
      "-1",
      "-1",
      "-1",
      40,
      91,
      91,
      92,
      92,
      93,
      92,
      91,
      82,
      "-1",
      "-1",
      "-1",
      92,
      91,
      92,
      91,
      92,
      91,
      91,
      93,
      "-1",
      91,
      "-1",
      "-1",
      "-1",
      25,
      56,
      56,
      92,
      92,
      92,
      "-1",
      25,
      56,
      53,
      53,
      91,
      91,
      92,
      "-1",
      18,
      19,
      19,
      91,
      92,
      92,
      "-1",
      "-1",
      "-1",
      95
    ],
    "height": [
      720,
      31,
      31,
      31,
      23,
      30,
      24,
      63,
      63,
      28,
      21,
      21,
      28,
      21,
      27,
      21,
      27,
      21,
      20,
      28,
      21,
      21,
      28,
      21,
      28,
      57,
      57,
      28,
      22,
      22,
      16,
      22,
      22,
      22,
      28,
      28,
      28,
      22,
      22,
      21,
      21,
      21,
      21,
      21,
      21,
      27,
      27,
      27,
      27,
      21,
      21,
      21,
      21,
      20,
      21,
      21,
      21,
      27,
      56,
      56,
      28,
      22,
      28,
      16,
      22,
      21,
      28,
      28,
      22,
      22,
      20,
      21,
      21,
      28,
      28,
      28,
      28,
      22,
      22,
      28,
      22,
      22,
      22,
      22,
      28,
      62,
      62,
      27,
      27,
      21,
      21,
      27,
      21,
      27,
      21,
      21,
      27,
      27,
      114,
      114,
      28,
      7,
      22,
      22,
      28,
      22,
      28,
      27,
      8,
      21,
      21,
      21,
      21,
      21,
      27,
      28,
      7,
      22,
      22,
      22,
      27,
      22,
      29,
      29,
      29,
      29
    ],
    "left": [
      0,
      48,
      48,
      48,
      48,
      184,
      340,
      46,
      46,
      48,
      48,
      138,
      196,
      292,
      367,
      496,
      554,
      718,
      844,
      46,
      46,
      97,
      221,
      365,
      456,
      46,
      46,
      48,
      48,
      114,
      143,
      167,
      254,
      287,
      398,
      547,
      669,
      785,
      888,
      46,
      46,
      97,
      170,
      318,
      351,
      48,
      48,
      48,
      48,
      147,
      215,
      343,
      371,
      521,
      554,
      604,
      712,
      775,
      46,
      46,
      46,
      46,
      109,
      235,
      305,
      402,
      436,
      552,
      767,
      797,
      865,
      46,
      46,
      48,
      48,
      48,
      48,
      111,
      138,
      239,
      352,
      380,
      429,
      492,
      604,
      47,
      47,
      47,
      47,
      189,
      223,
      289,
      451,
      484,
      621,
      760,
      47,
      47,
      48,
      48,
      48,
      48,
      83,
      105,
      169,
      300,
      330,
      48,
      48,
      83,
      105,
      169,
      199,
      268,
      330,
      48,
      48,
      83,
      125,
      155,
      267,
      392,
      0,
      0,
      0,
      0
    ],
    "level": [
      1,
      2,
      3,
      4,
      5,
      5,
      5,
      2,
      3,
      4,
      5,
      5,
      5,
      5,
      5,
      5,
      5,
      5,
      5,
      4,
      5,
      5,
      5,
      5,
      5,
      2,
      3,
      4,
      5,
      5,
      5,
      5,
      5,
      5,
      5,
      5,
      5,
      5,
      5,
      4,
      5,
      5,
      5,
      5,
      5,
      2,
      3,
      4,
      5,
      5,
      5,
      5,
      5,
      5,
      5,
      5,
      5,
      5,
      2,
      3,
      4,
      5,
      5,
      5,
      5,
      5,
      5,
      5,
      5,
      5,
      5,
      4,
      5,
      2,
      3,
      4,
      5,
      5,
      5,
      5,
      5,
      5,
      5,
      5,
      5,
      2,
      3,
      4,
      5,
      5,
      5,
      5,
      5,
      5,
      5,
      5,
      4,
      5,
      2,
      3,
      4,
      5,
      5,
      5,
      5,
      5,
      5,
      4,
      5,
      5,
      5,
      5,
      5,
      5,
      5,
      4,
      5,
      5,
      5,
      5,
      5,
      5,
      2,
      3,
      4,
      5
    ],
    "line_num": [
      0,
      0,
      0,
      1,
      1,
      1,
      1,
      0,
      0,
      1,
      1,
      1,
      1,
      1,
      1,
      1,
      1,
      1,
      1,
      2,
      2,
      2,
      2,
      2,
      2,
      0,
      0,
      1,
      1,
      1,
      1,
      1,
      1,
      1,
      1,
      1,
      1,
      1,
      1,
      2,
      2,
      2,
      2,
      2,
      2,
      0,
      0,
      1,
      1,
      1,
      1,
      1,
      1,
      1,
      1,
      1,
      1,
      1,
      0,
      0,
      1,
      1,
      1,
      1,
      1,
      1,
      1,
      1,
      1,
      1,
      1,
      2,
      2,
      0,
      0,
      1,
      1,
      1,
      1,
      1,
      1,
      1,
      1,
      1,
      1,
      0,
      0,
      1,
      1,
      1,
      1,
      1,
      1,
      1,
      1,
      1,
      2,
      2,
      0,
      0,
      1,
      1,
      1,
      1,
      1,
      1,
      1,
      2,
      2,
      2,
      2,
      2,
      2,
      2,
      2,
      3,
      3,
      3,
      3,
      3,
      3,
      3,
      0,
      0,
      1,
      1
    ],